year,geography,Palma,se
13,Forsyth,2.899384029,0.172924394
14,Forsyth,2.576072383,0.152778277
15,Forsyth,2.777360441,0.203146219
16,Forsyth,3.157660517,0.181679977
