year,geography,Palma,se
12,urban,2.502702939,0.045954942
13,urban,2.693205086,0.057879612
14,urban,2.639170347,0.054120341
15,urban,2.612649873,0.054792466
16,urban,2.627427434,0.052138466
