year,Palma,se
06,2.4492169508457184,0.005437748074955488
07,2.501907664762768,0.005749438134894317
08,2.5291961223179706,0.006766212293277919
09,2.531205671189418,0.0060389536074850385
10,2.5348946038243065,0.005892513837010619
11,2.6215647367940766,0.006466112574142193
