year,Region,Palma,se
13,US,2.730277091,0.007550479
14,US,2.699069347,0.007320829
15,US,2.728298867,0.006433552
16,US,2.70960225,0.006214827
